{
    "name": "All Requests",
    "numberOfRequests": {
        "total": 10000,
        "ok": 2517,
        "ko": 7483
    },
    "minResponseTime": {
        "total": 877,
        "ok": 877,
        "ko": 658562
    },
    "maxResponseTime": {
        "total": 960022,
        "ok": 959920,
        "ko": 960022
    },
    "meanResponseTime": {
        "total": 810810,
        "ok": 471094,
        "ko": 925078
    },
    "standardDeviation": {
        "total": 252236,
        "ok": 273505,
        "ko": 89366
    },
    "percentiles1": {
        "total": 960000,
        "ok": 468773,
        "ko": 960000
    },
    "percentiles2": {
        "total": 960000,
        "ok": 701996,
        "ko": 960000
    },
    "percentiles3": {
        "total": 960001,
        "ok": 906909,
        "ko": 960001
    },
    "percentiles4": {
        "total": 960001,
        "ok": 949525,
        "ko": 960001
    },
    "group1": {
    "name": "t < 800 ms",
    "htmlName": "t < 800 ms",
    "count": 0,
    "percentage": 0
},
    "group2": {
    "name": "800 ms <= t < 1200 ms",
    "htmlName": "t >= 800 ms <br> t < 1200 ms",
    "count": 1,
    "percentage": 0
},
    "group3": {
    "name": "t >= 1200 ms",
    "htmlName": "t >= 1200 ms",
    "count": 2516,
    "percentage": 25
},
    "group4": {
    "name": "failed",
    "htmlName": "failed",
    "count": 7483,
    "percentage": 75
},
    "meanNumberOfRequestsPerSecond": {
        "total": 9.433962264150944,
        "ok": 2.3745283018867926,
        "ko": 7.059433962264151
    }
}